Model,ValAcc,TestAcc,F1,FPS,Params
EcoTexture_SOTA,0.918093,0.893773,0.893488,3.1,5670569
Hybrid_MobileNet_SIFT,0.806846,0.777778,0.776571,2.6,2533958
Pure_MobileNet,0.777506,0.760684,0.758889,5.3,2428358
Hybrid_CNN_SIFT,0.512225,0.495726,0.525017,5.0,136486
Cross_Attention_Benchmark,0.441320,0.432234,0.374195,5.6,874694
Pure_ResNet50,0.442543,0.421245,0.416129,4.0,23859462
Pure_EfficientNet,0.455990,0.398046,0.406473,7.5,6089686
Pure_CNN,0.396088,0.351648,0.381031,11.5,30886
