{
  "cardboard": {
    "precision": 0.7328767123287672,
    "recall": 0.8842975206611571,
    "f1-score": 0.8014981273408239,
    "support": 121.0
  },
  "glass": {
    "precision": 0.8048780487804879,
    "recall": 0.7292817679558011,
    "f1-score": 0.7652173913043478,
    "support": 181.0
  },
  "metal": {
    "precision": 0.8939393939393939,
    "recall": 0.959349593495935,
    "f1-score": 0.9254901960784314,
    "support": 123.0
  },
  "paper": {
    "precision": 0.9285714285714286,
    "recall": 0.8708133971291866,
    "f1-score": 0.8987654320987655,
    "support": 209.0
  },
  "plastic": {
    "precision": 0.9583333333333334,
    "recall": 0.9583333333333334,
    "f1-score": 0.9583333333333334,
    "support": 144.0
  },
  "trash": {
    "precision": 0.972972972972973,
    "recall": 0.8780487804878049,
    "f1-score": 0.9230769230769231,
    "support": 41.0
  },
  "accuracy": 0.8705738705738706,
  "macro avg": {
    "precision": 0.8819286483210639,
    "recall": 0.8800207321772029,
    "f1-score": 0.8787302338721042,
    "support": 819.0
  },
  "weighted avg": {
    "precision": 0.8745773808777961,
    "recall": 0.8705738705738706,
    "f1-score": 0.8705849139276796,
    "support": 819.0
  }
}