{
  "accuracy": 0.8705738705738706,
  "macro_f1": 0.8787302338721042,
  "test_size": 819
}