{
  "loss": 1.035872459411621,
  "accuracy": 0.6398046612739563
}